variable,,T2,T2,TSK,TSK
stat,,mean,std,mean,std
domain,time,,,,
d01,2016-05-25 06:00:00,287.2388610839844,1.508155345916748,285.5025939941406,1.159598469734192
d01,2016-05-25 16:00:00,302.1172180175781,0.44150373339653015,305.013671875,0.3519724905490875
d01,2016-05-26 06:00:00,286.8818054199219,1.518891453742981,286.5350036621094,1.3047839403152466
d01,2016-05-26 16:00:00,303.9762268066406,0.5678636431694031,306.9181213378906,0.40907829999923706
d01,2016-05-27 06:00:00,292.6118469238281,0.6175515651702881,291.9765930175781,0.5602113604545593
d01,2016-05-27 16:00:00,304.1620178222656,0.2617764472961426,308.0614318847656,0.32268521189689636
d01,2016-05-28 06:00:00,291.949462890625,0.5656967163085938,291.8914794921875,0.6170910000801086
d01,2016-05-28 16:00:00,304.6981506347656,0.6751351952552795,307.8288269042969,0.7658722400665283
d01,2016-05-29 06:00:00,287.253662109375,0.8454694747924805,287.4161376953125,0.9272651076316833
d01,2016-05-29 16:00:00,303.3748779296875,0.42507126927375793,306.5758361816406,0.5775163173675537
d01,2016-05-30 06:00:00,293.8760986328125,0.4406011998653412,294.1442565917969,0.49210605025291443
d01,2016-05-30 16:00:00,301.5554504394531,0.3645513653755188,305.3428039550781,0.6570339202880859
d01,2016-05-31 06:00:00,293.61383056640625,0.3811119794845581,293.8994445800781,0.3753732442855835
d01,2016-05-31 16:00:00,302.959228515625,0.23430082201957703,306.2012939453125,0.9180348515510559
d01,2016-06-01 06:00:00,293.2117004394531,0.9190224409103394,293.1049499511719,1.1194825172424316
d01,2016-06-01 16:00:00,301.0198059082031,0.28881868720054626,303.5152893066406,0.8803182244300842
d01,2016-06-02 06:00:00,292.80255126953125,0.2452009916305542,293.1545715332031,0.2398252785205841
d01,2016-06-02 16:00:00,301.9222717285156,0.44731563329696655,306.4804992675781,0.46857351064682007
d01,2016-06-03 06:00:00,293.6714172363281,0.16770626604557037,294.0360107421875,0.2852989137172699
d01,2016-06-03 16:00:00,302.5204162597656,0.39844679832458496,306.8836975097656,0.8602027893066406
d01,2016-06-04 06:00:00,293.607177734375,0.35967251658439636,293.9976806640625,0.5932750105857849
d01,2016-06-04 16:00:00,303.9931945800781,0.4182089567184448,308.4299011230469,0.6210966110229492
d01,2016-06-05 06:00:00,295.6473083496094,0.1875433474779129,295.8802185058594,0.29413503408432007
d01,2016-06-05 16:00:00,303.5531921386719,0.37334391474723816,307.6102600097656,0.23785369098186493
d01,2016-06-06 06:00:00,293.2543029785156,0.5568513870239258,292.5173645019531,0.5602084398269653
d01,2016-06-06 16:00:00,303.0953369140625,0.384887158870697,306.2980651855469,0.30738309025764465
d01,2016-06-07 06:00:00,292.6533508300781,0.3014429211616516,292.137451171875,0.45807144045829773
d01,2016-06-07 16:00:00,302.23095703125,0.5065246820449829,304.8867492675781,0.3993683159351349
d01,2016-06-08 06:00:00,285.3360900878906,0.46554628014564514,284.8158874511719,0.694574236869812
d01,2016-06-08 16:00:00,293.7589111328125,0.46912941336631775,296.9984130859375,0.41299107670783997
d01,2016-06-09 06:00:00,281.453125,0.6179654598236084,280.8703918457031,0.7216293215751648
d01,2016-06-09 16:00:00,297.3006896972656,0.3527310788631439,300.5776062011719,0.3236098885536194
d01,2016-06-10 06:00:00,283.7873229980469,0.5676369667053223,282.9516296386719,0.7326902747154236
d01,2016-06-10 16:00:00,298.4633483886719,0.2703506350517273,302.4656982421875,0.2902529835700989
d01,2016-06-11 06:00:00,289.8234558105469,0.479642391204834,289.39739990234375,0.5144129991531372
d01,2016-06-11 16:00:00,307.6430969238281,0.47303736209869385,309.7687683105469,0.4185657799243927
d01,2016-06-12 06:00:00,296.5847473144531,0.43280643224716187,295.713134765625,0.4373171925544739
d01,2016-06-12 16:00:00,304.1022644042969,0.5184143781661987,306.5086364746094,0.46637940406799316
d01,2016-06-13 06:00:00,284.8809509277344,0.3965756595134735,284.3282470703125,0.5187047123908997
d01,2016-06-13 16:00:00,297.6167297363281,0.28445643186569214,302.3221435546875,0.2543281018733978
d01,2016-06-14 06:00:00,286.84075927734375,0.6040544509887695,286.4609069824219,0.8684741854667664
d01,2016-06-14 16:00:00,297.8005065917969,0.3146688640117645,302.6883850097656,0.30988696217536926
d01,2016-06-15 06:00:00,288.254150390625,1.549997329711914,288.6444396972656,1.6841621398925781
d01,2016-06-15 16:00:00,300.9538269042969,0.1197376474738121,305.1528015136719,0.23460356891155243
d01,2016-06-16 06:00:00,293.8845520019531,0.2932939827442169,294.2296142578125,0.40149691700935364
d01,2016-06-16 16:00:00,301.288330078125,0.7916133403778076,303.6052551269531,1.5682896375656128
d01,2016-06-17 06:00:00,290.0106201171875,0.32253551483154297,290.2928771972656,0.28530555963516235
d01,2016-06-17 16:00:00,299.2528991699219,0.2191704511642456,303.3606262207031,0.3076294958591461
d01,2016-06-18 06:00:00,287.4526672363281,0.6804659962654114,287.4165344238281,0.7991592884063721
d01,2016-06-18 16:00:00,300.3645935058594,0.15078753232955933,304.781005859375,0.3408234119415283
d01,2016-06-19 06:00:00,286.3364562988281,1.4638673067092896,286.11639404296875,1.2531708478927612
d01,2016-06-19 16:00:00,302.8592529296875,0.21324115991592407,306.7384948730469,0.27981919050216675
d01,2016-06-20 06:00:00,289.7865295410156,1.357938528060913,289.2655334472656,1.3969142436981201
d01,2016-06-20 16:00:00,304.9316711425781,0.15739580988883972,308.0708312988281,0.21833184361457825
d01,2016-06-21 06:00:00,295.5195007324219,0.2973758280277252,294.96533203125,0.39771416783332825
d01,2016-06-21 16:00:00,300.3769836425781,1.4119232892990112,304.07489013671875,1.8557188510894775
d01,2016-06-22 06:00:00,290.4952697753906,0.46491026878356934,289.9627990722656,0.5038756132125854
d01,2016-06-22 16:00:00,302.7057189941406,0.3487232029438019,305.4739074707031,0.2536647617816925
d01,2016-06-23 06:00:00,293.6443176269531,0.8035731315612793,293.375244140625,0.8240869641304016
d01,2016-06-23 16:00:00,298.659912109375,0.4537314474582672,299.89483642578125,0.6020005941390991
d01,2016-06-24 06:00:00,292.744384765625,0.9422610402107239,292.777587890625,1.022560477256775
d01,2016-06-24 16:00:00,301.56097412109375,0.3793579936027527,304.9322509765625,1.283995509147644
d01,2016-06-25 06:00:00,291.5774230957031,0.4477931559085846,291.9940490722656,0.3621966540813446
d01,2016-06-25 16:00:00,302.3297424316406,0.2523462474346161,306.392333984375,0.24782417714595795
d01,2016-06-26 06:00:00,288.4786376953125,0.4415416419506073,288.2608337402344,0.5923723578453064
d01,2016-06-26 16:00:00,302.3399353027344,0.1453929990530014,306.3472595214844,0.36531227827072144
d01,2016-06-27 06:00:00,287.9377746582031,0.8273675441741943,287.9502258300781,0.8861317038536072
d01,2016-06-27 16:00:00,304.3730773925781,0.6511311531066895,308.1346740722656,0.7029762268066406
d01,2016-06-28 06:00:00,294.7149658203125,0.5054213404655457,294.3330078125,0.5361344814300537
d01,2016-06-28 16:00:00,302.6454772949219,0.2003508061170578,306.79296875,0.36051157116889954
d01,2016-06-29 06:00:00,292.207763671875,0.5380762219429016,291.7042541503906,0.6511399745941162
d01,2016-06-29 16:00:00,302.9156799316406,0.42019423842430115,307.2203674316406,0.3265450596809387
d01,2016-06-30 06:00:00,291.6221618652344,0.4938955307006836,290.9791564941406,0.7096494436264038
d01,2016-06-30 16:00:00,302.8096008300781,0.4960578978061676,307.1806640625,0.8977473378181458
d01,2016-07-01 06:00:00,293.2713928222656,0.13036416471004486,293.7112121582031,0.23164163529872894
d01,2016-07-01 16:00:00,303.5632629394531,0.4541838467121124,307.7118225097656,0.6645095348358154
d01,2016-07-02 06:00:00,293.3451232910156,0.9147723913192749,293.0098571777344,1.002233624458313
d01,2016-07-02 16:00:00,299.6558532714844,0.4138442575931549,303.9388122558594,0.3492438495159149
d01,2016-07-03 06:00:00,291.3501892089844,0.29607030749320984,291.57861328125,0.4320335388183594
d01,2016-07-03 16:00:00,299.0913391113281,0.14838165044784546,303.9429016113281,0.4561743140220642
d01,2016-07-04 06:00:00,292.1582336425781,0.6664994955062866,291.8853454589844,0.6769468188285828
d01,2016-07-04 16:00:00,294.7066650390625,0.5557177066802979,296.0281066894531,0.43441149592399597
d01,2016-07-05 06:00:00,296.6311340332031,0.40599775314331055,296.1084899902344,0.37700554728507996
d01,2016-07-05 16:00:00,307.031982421875,0.4640212655067444,310.3487854003906,0.31745344400405884
d01,2016-07-06 06:00:00,295.6656494140625,0.9419236779212952,295.5279541015625,0.793673038482666
d01,2016-07-06 16:00:00,308.1850891113281,0.40811222791671753,311.9762268066406,0.379863977432251
d01,2016-07-07 06:00:00,296.522216796875,0.4836599826812744,296.4561462402344,0.6284721493721008
d01,2016-07-07 16:00:00,307.2561340332031,0.3869452476501465,310.9481506347656,0.43254998326301575
d01,2016-07-08 06:00:00,297.959716796875,0.6030296683311462,297.5163879394531,0.7051087021827698
d01,2016-07-08 16:00:00,308.0452575683594,0.44357749819755554,311.8778991699219,0.8666935563087463
d01,2016-07-09 06:00:00,299.6318054199219,0.5062392950057983,299.1963806152344,0.4661107659339905
d01,2016-07-09 16:00:00,306.4869689941406,0.4214954674243927,309.6915588378906,0.36358585953712463
d01,2016-07-10 06:00:00,292.4326171875,0.6450280547142029,291.6228332519531,0.8377793431282043
d01,2016-07-10 16:00:00,303.1272277832031,0.34102246165275574,307.2098083496094,0.28061434626579285
d01,2016-07-11 06:00:00,291.027099609375,0.5669228434562683,290.53619384765625,0.5915252566337585
d01,2016-07-11 16:00:00,303.9674377441406,0.2870901823043823,308.5257568359375,0.39219042658805847
d01,2016-07-12 06:00:00,294.5556945800781,0.5576274991035461,294.90576171875,0.6385806202888489
d01,2016-07-12 16:00:00,305.7257995605469,0.22902512550354004,310.2044372558594,0.2562248110771179
d01,2016-07-13 06:00:00,297.7896728515625,0.3705555200576782,297.8072814941406,0.3993021547794342
d01,2016-07-13 16:00:00,306.1391296386719,0.5296805500984192,310.353759765625,0.7995030879974365
d01,2016-07-14 06:00:00,295.6781311035156,0.6191338300704956,295.7491760253906,0.5991344451904297
d01,2016-07-14 16:00:00,309.3933410644531,0.4015451967716217,312.5007019042969,0.7166959643363953
d01,2016-07-15 06:00:00,296.1583557128906,0.5779143571853638,296.1148376464844,0.593454122543335
d01,2016-07-15 16:00:00,307.0478820800781,0.5797680020332336,310.6564636230469,0.45535585284233093
d01,2016-07-16 06:00:00,293.5435485839844,1.490681767463684,292.8452453613281,1.3293356895446777
d01,2016-07-16 16:00:00,306.8074645996094,0.39163386821746826,310.92266845703125,0.4999445378780365
d01,2016-07-17 06:00:00,291.8256530761719,0.4646361768245697,291.9018249511719,0.5902870297431946
d01,2016-07-17 16:00:00,307.0257263183594,0.6446702480316162,310.9945373535156,0.6868411898612976
d01,2016-07-18 06:00:00,293.9648132324219,0.5415967702865601,293.9403076171875,0.4417366087436676
d01,2016-07-18 16:00:00,310.4194030761719,0.41834524273872375,313.4209899902344,0.3662887513637543
d01,2016-07-19 06:00:00,295.1060485839844,0.4721001088619232,294.9420166015625,0.5466006398200989
d01,2016-07-19 16:00:00,305.5984191894531,0.6273934841156006,310.2279968261719,1.2155256271362305
d01,2016-07-20 06:00:00,293.5193786621094,0.305905818939209,293.2409362792969,0.5610588788986206
d01,2016-07-20 16:00:00,302.6977844238281,0.2947370707988739,307.5308532714844,0.40472784638404846
d01,2016-07-21 06:00:00,288.314453125,0.3674105703830719,288.2855529785156,0.5642776489257812
d01,2016-07-21 16:00:00,305.6639404296875,0.25751256942749023,309.9350280761719,0.32078224420547485
d01,2016-07-22 06:00:00,294.4719543457031,0.6709198951721191,294.254638671875,1.0253605842590332
d01,2016-07-22 16:00:00,309.7730712890625,0.2602633535861969,313.4355163574219,0.3000856637954712
d01,2016-07-23 06:00:00,297.3741149902344,0.6656173467636108,296.7836608886719,0.6922517418861389
d01,2016-07-23 16:00:00,311.0898132324219,0.5253666639328003,314.8772277832031,0.9530922174453735
d01,2016-07-24 06:00:00,293.8372802734375,1.0782302618026733,293.16162109375,0.8394481539726257
d01,2016-07-24 16:00:00,307.4396667480469,0.1653618961572647,312.1140441894531,0.48891156911849976
d01,2016-07-25 06:00:00,297.8846130371094,0.5835144519805908,297.91357421875,0.7155616879463196
d01,2016-07-25 16:00:00,309.771728515625,0.4129098951816559,314.2325134277344,0.5328179597854614
d01,2016-07-26 06:00:00,299.306640625,0.6246681809425354,298.9141540527344,0.6095404028892517
d01,2016-07-26 16:00:00,309.8521423339844,0.5349065661430359,314.1205749511719,0.4235263764858246
d01,2016-07-27 06:00:00,295.668212890625,1.1270253658294678,295.0301513671875,1.0842902660369873
d01,2016-07-27 16:00:00,307.7498474121094,0.48124417662620544,312.779296875,0.6071791052818298
d01,2016-07-28 06:00:00,296.3226623535156,0.34930744767189026,296.59228515625,0.45748406648635864
d01,2016-07-28 16:00:00,305.8956298828125,0.285956472158432,310.6758728027344,0.7477090358734131
d01,2016-07-29 06:00:00,297.675537109375,0.31733712553977966,298.0118408203125,0.3550281226634979
d01,2016-07-29 16:00:00,305.3202209472656,0.2659452557563782,310.8729248046875,0.4632035791873932
d01,2016-07-30 06:00:00,296.7733459472656,0.70699143409729,297.1051940917969,0.7866847515106201
d01,2016-07-30 16:00:00,304.38873291015625,0.5850967168807983,307.7626647949219,1.0140738487243652
d01,2016-07-31 06:00:00,296.0483703613281,0.41022491455078125,296.1982421875,0.3032333254814148
d01,2016-07-31 16:00:00,304.87200927734375,0.22969047725200653,309.8339538574219,0.5460918545722961
d01,2016-08-01 06:00:00,295.6604309082031,0.5464622974395752,295.9582824707031,0.6657474040985107
d01,2016-08-01 16:00:00,305.0451965332031,0.19330139458179474,310.0361633300781,0.5267531871795654
d01,2016-08-02 06:00:00,295.9353942871094,0.3030821979045868,296.0126037597656,0.500105082988739
d01,2016-08-02 16:00:00,302.1854553222656,0.4287441372871399,305.9902038574219,1.2058777809143066
d01,2016-08-03 06:00:00,291.5527648925781,0.363690584897995,291.21484375,0.431774765253067
d01,2016-08-03 16:00:00,302.3231201171875,0.21794913709163666,307.0528564453125,0.3990596830844879
d01,2016-08-04 06:00:00,290.8982849121094,0.3073292672634125,290.7735290527344,0.35122978687286377
d01,2016-08-04 16:00:00,302.880859375,0.21297286450862885,307.5395812988281,0.5026808381080627
d01,2016-08-05 06:00:00,292.09869384765625,0.7374374270439148,292.3969421386719,0.7762198448181152
d01,2016-08-05 16:00:00,303.0904235839844,0.3433144688606262,307.74951171875,0.42495986819267273
d01,2016-08-06 06:00:00,296.1692810058594,0.3111436069011688,295.9013671875,0.37595343589782715
d01,2016-08-06 16:00:00,307.8379211425781,0.576128363609314,310.3544006347656,1.465217113494873
d01,2016-08-07 06:00:00,291.3585510253906,0.7063176035881042,290.5532531738281,0.8299837112426758
d01,2016-08-07 16:00:00,305.8991394042969,0.33129292726516724,309.561767578125,0.39600321650505066
d01,2016-08-08 06:00:00,291.0582275390625,0.6440853476524353,290.76025390625,0.6720723509788513
d01,2016-08-08 16:00:00,304.2113952636719,0.1533023864030838,308.59967041015625,0.41182297468185425
d01,2016-08-09 06:00:00,293.7840881347656,0.4884347915649414,293.9208068847656,0.6028650999069214
d01,2016-08-09 16:00:00,299.1088562011719,0.536081075668335,300.8700256347656,1.6230369806289673
d01,2016-08-10 06:00:00,295.39984130859375,0.39878201484680176,295.26971435546875,0.3050600290298462
d01,2016-08-10 16:00:00,308.081787109375,0.1922897845506668,311.8264465332031,0.4096829891204834
d01,2016-08-11 06:00:00,296.6087646484375,0.4395621716976166,296.4210510253906,0.4032905101776123
d01,2016-08-11 16:00:00,309.6245422363281,0.32215240597724915,313.4288635253906,0.42489397525787354
d01,2016-08-12 06:00:00,297.8439025878906,0.3733871579170227,297.3899841308594,0.49915972352027893
d01,2016-08-12 16:00:00,309.9263610839844,0.2373514324426651,313.8966979980469,0.5556911826133728
d01,2016-08-13 06:00:00,296.8179626464844,0.22348374128341675,296.9902038574219,0.3644392192363739
d01,2016-08-13 16:00:00,310.4126281738281,0.28545674681663513,314.7559814453125,0.46151793003082275
d01,2016-08-14 06:00:00,299.489990234375,0.4542705714702606,299.1187744140625,0.5917351841926575
d01,2016-08-14 16:00:00,309.6215515136719,0.36541032791137695,313.90478515625,0.4434809684753418
d01,2016-08-15 06:00:00,297.7107238769531,0.6553083658218384,297.4386291503906,0.6761820912361145
d01,2016-08-15 16:00:00,309.2208557128906,0.2648817002773285,313.7375183105469,1.028112769126892
d01,2016-08-16 06:00:00,296.63946533203125,0.43035566806793213,296.8736572265625,0.5716760158538818
d01,2016-08-16 16:00:00,308.2191467285156,0.7553796172142029,311.6408386230469,1.137420654296875
d01,2016-08-17 06:00:00,297.9697570800781,0.40484821796417236,297.3365173339844,0.5524859428405762
d01,2016-08-17 16:00:00,307.7987060546875,0.33331218361854553,312.42138671875,0.566178023815155
d01,2016-08-18 06:00:00,296.0768737792969,0.4415317475795746,296.4070129394531,0.530688464641571
d01,2016-08-18 16:00:00,306.4681091308594,0.5605613589286804,311.17578125,1.883162498474121
d01,2016-08-19 06:00:00,294.6302795410156,1.098381519317627,294.4255065917969,0.93553626537323
d01,2016-08-19 16:00:00,306.195556640625,0.427650511264801,311.1473083496094,0.547992467880249
d01,2016-08-20 06:00:00,293.572021484375,1.1290394067764282,293.0813903808594,0.9695189595222473
d01,2016-08-20 16:00:00,305.7445373535156,0.2745809555053711,310.7904357910156,0.7169606685638428
d01,2016-08-21 06:00:00,297.2581481933594,1.0312680006027222,297.3648376464844,0.8643531799316406
d01,2016-08-21 16:00:00,303.3311767578125,0.30387991666793823,307.0325927734375,0.730070948600769
d01,2016-08-22 06:00:00,293.1244201660156,0.42635291814804077,292.3725280761719,0.5461820363998413
d01,2016-08-22 16:00:00,301.6770935058594,0.4405631721019745,305.9587097167969,0.3787148892879486
d01,2016-08-23 06:00:00,286.4877014160156,0.5693586468696594,286.09259033203125,0.642986536026001
d01,2016-08-23 16:00:00,301.1980895996094,0.2505522072315216,306.4566345214844,0.7871535420417786
d01,2016-08-24 06:00:00,288.963623046875,1.686674952507019,288.4461364746094,1.4398483037948608
d01,2016-08-24 16:00:00,303.532958984375,0.2890323996543884,308.335693359375,0.8123605847358704
d01,2016-08-25 06:00:00,290.7728576660156,0.6697474718093872,290.4798278808594,0.6368518471717834
d01,2016-08-25 16:00:00,307.3309326171875,0.17317672073841095,311.7970275878906,0.6426867246627808
d01,2016-08-26 06:00:00,295.7569274902344,0.8572064638137817,295.958740234375,0.9201671481132507
d01,2016-08-26 16:00:00,309.4543762207031,0.4089990556240082,314.142822265625,0.5105422139167786
d01,2016-08-27 06:00:00,294.2760314941406,0.523152232170105,293.9293518066406,0.6055840849876404
d01,2016-08-27 16:00:00,307.252685546875,0.28608226776123047,312.25836181640625,0.7816751003265381
d01,2016-08-28 06:00:00,292.4364013671875,0.27530553936958313,292.0765380859375,0.3746703267097473
d01,2016-08-28 16:00:00,305.2218017578125,0.2099418044090271,310.432373046875,0.7849947810173035
d01,2016-08-29 06:00:00,294.9799499511719,0.2228958010673523,295.3832092285156,0.273936927318573
d01,2016-08-29 16:00:00,302.6328430175781,1.1308510303497314,306.1240234375,2.2128114700317383
d01,2016-08-30 06:00:00,294.0435791015625,0.5017960071563721,293.433349609375,0.5938764810562134
d01,2016-08-30 16:00:00,305.218505859375,0.25853779911994934,310.7147521972656,0.7817322611808777
d02,2016-05-25 06:00:00,287.4241943359375,1.0644055604934692,286.02459716796875,0.7967789769172668
d02,2016-05-25 16:00:00,302.838134765625,0.44496825337409973,307.34375,1.609212875366211
d02,2016-05-26 06:00:00,287.2117004394531,0.9466792941093445,287.5191650390625,1.135255217552185
d02,2016-05-26 16:00:00,304.4857482910156,0.30730515718460083,309.0162658691406,1.5544511079788208
d02,2016-05-27 06:00:00,293.5505065917969,0.9949316382408142,293.6381530761719,1.1640774011611938
d02,2016-05-27 16:00:00,304.4725341796875,0.4233255386352539,309.5281982421875,1.8446629047393799
d02,2016-05-28 06:00:00,293.8354797363281,0.9315353035926819,294.1065979003906,1.0821183919906616
d02,2016-05-28 16:00:00,304.9725646972656,0.42219290137290955,309.4176330566406,1.655028223991394
d02,2016-05-29 06:00:00,289.6222229003906,1.3072457313537598,290.2599792480469,1.4797682762145996
d02,2016-05-29 16:00:00,303.643798828125,0.35631507635116577,308.151611328125,1.4784704446792603
d02,2016-05-30 06:00:00,294.3518371582031,0.08680878579616547,295.0927429199219,0.31653571128845215
d02,2016-05-30 16:00:00,301.7299499511719,0.5320542454719543,306.105224609375,2.195321798324585
d02,2016-05-31 06:00:00,293.378173828125,0.3677481710910797,294.0706481933594,0.5293387174606323
d02,2016-05-31 16:00:00,303.9071960449219,0.48161840438842773,308.9957275390625,1.4860163927078247
d02,2016-06-01 06:00:00,293.0517272949219,0.6751751899719238,293.3701171875,0.8965256214141846
d02,2016-06-01 16:00:00,301.9782409667969,0.39487069845199585,305.5873107910156,1.2959116697311401
d02,2016-06-02 06:00:00,292.8935546875,0.2727412283420563,293.5885314941406,0.4556180238723755
d02,2016-06-02 16:00:00,301.87518310546875,0.4812740087509155,307.4001770019531,1.3072446584701538
d02,2016-06-03 06:00:00,294.2900695800781,0.6816744804382324,294.87957763671875,0.8041187524795532
d02,2016-06-03 16:00:00,302.1644287109375,0.36103734374046326,308.0992736816406,1.2714059352874756
d02,2016-06-04 06:00:00,294.4798889160156,0.2488119900226593,295.1759338378906,0.32465240359306335
d02,2016-06-04 16:00:00,304.984375,0.3046780228614807,310.8393249511719,1.3452050685882568
d02,2016-06-05 06:00:00,295.71026611328125,0.11338675022125244,296.5099182128906,0.3694348633289337
d02,2016-06-05 16:00:00,304.4630126953125,0.47338977456092834,309.4867858886719,1.6924235820770264
d02,2016-06-06 06:00:00,294.2398681640625,0.6179466247558594,294.14453125,1.0156186819076538
d02,2016-06-06 16:00:00,304.4881286621094,0.5080687403678894,308.7439880371094,1.831119179725647
d02,2016-06-07 06:00:00,292.5409240722656,1.2094324827194214,292.76025390625,1.3756344318389893
d02,2016-06-07 16:00:00,303.544677734375,0.706225574016571,307.3026123046875,2.079002618789673
d02,2016-06-08 06:00:00,286.3460388183594,1.0476303100585938,286.6379089355469,1.313157320022583
d02,2016-06-08 16:00:00,295.1928405761719,0.5345516800880432,299.6244812011719,1.5493332147598267
d02,2016-06-09 06:00:00,282.6035461425781,0.7084449529647827,282.7167663574219,1.0606451034545898
d02,2016-06-09 16:00:00,298.2914733886719,0.5041024684906006,302.7537536621094,1.643356204032898
d02,2016-06-10 06:00:00,285.0118103027344,1.0973681211471558,284.9782409667969,1.3737667798995972
d02,2016-06-10 16:00:00,299.3172607421875,0.41422390937805176,304.3813171386719,1.4718784093856812
d02,2016-06-11 06:00:00,290.1546325683594,1.0062775611877441,290.5124816894531,1.1398322582244873
d02,2016-06-11 16:00:00,308.4388732910156,0.5235893726348877,311.8994140625,1.7075070142745972
d02,2016-06-12 06:00:00,297.5360107421875,0.47014757990837097,297.1881103515625,0.8342959880828857
d02,2016-06-12 16:00:00,305.0545349121094,0.6475356221199036,309.0700988769531,1.8754597902297974
d02,2016-06-13 06:00:00,286.3880920410156,0.5401685833930969,286.4209289550781,0.9023168683052063
d02,2016-06-13 16:00:00,298.4899597167969,0.35050633549690247,304.2921142578125,1.2759650945663452
d02,2016-06-14 06:00:00,288.6977233886719,0.6968504786491394,288.7295837402344,1.0581738948822021
d02,2016-06-14 16:00:00,298.5415344238281,0.3909107446670532,304.74041748046875,1.326792597770691
d02,2016-06-15 06:00:00,288.585693359375,0.9980222582817078,289.3304138183594,1.2233226299285889
d02,2016-06-15 16:00:00,301.6685791015625,0.3002144396305084,306.973388671875,1.3083429336547852
d02,2016-06-16 06:00:00,294.7076416015625,0.4029427170753479,295.1567077636719,0.6162599325180054
d02,2016-06-16 16:00:00,301.2145080566406,0.5118462443351746,303.1838073730469,1.1072641611099243
d02,2016-06-17 06:00:00,290.7769470214844,0.2915830910205841,291.4007263183594,0.5071332454681396
d02,2016-06-17 16:00:00,299.7004089355469,0.26636797189712524,305.0860900878906,1.166263222694397
d02,2016-06-18 06:00:00,287.9081726074219,0.9510495066642761,288.2334289550781,1.1407641172409058
d02,2016-06-18 16:00:00,300.94915771484375,0.25647926330566406,306.5404052734375,1.3954105377197266
d02,2016-06-19 06:00:00,287.662109375,1.6291813850402832,288.1990051269531,1.7531132698059082
d02,2016-06-19 16:00:00,304.0198669433594,0.323456346988678,309.1146545410156,1.6269609928131104
d02,2016-06-20 06:00:00,290.3202819824219,1.384584903717041,290.6852722167969,1.5462688207626343
d02,2016-06-20 16:00:00,305.5849304199219,0.46452152729034424,308.6563415527344,2.0993618965148926
d02,2016-06-21 06:00:00,296.3862609863281,0.5456091165542603,296.4035339355469,0.8098312020301819
d02,2016-06-21 16:00:00,305.0511779785156,0.7617139220237732,309.5432434082031,1.8948075771331787
d02,2016-06-22 06:00:00,291.4799499511719,0.8990246653556824,291.72515869140625,1.228967547416687
d02,2016-06-22 16:00:00,304.7396240234375,0.5101556777954102,309.0990905761719,1.7421795129776
d02,2016-06-23 06:00:00,294.4572448730469,1.4110294580459595,294.840087890625,1.547040343284607
d02,2016-06-23 16:00:00,296.7729187011719,0.42113566398620605,297.4933776855469,0.7550089955329895
d02,2016-06-24 06:00:00,293.1817932128906,0.6890770792961121,293.2083740234375,0.8544619679450989
d02,2016-06-24 16:00:00,303.0936279296875,0.2999994456768036,308.3489685058594,1.2569944858551025
d02,2016-06-25 06:00:00,292.04046630859375,0.3562074601650238,292.8269348144531,0.48423758149147034
d02,2016-06-25 16:00:00,303.2959899902344,0.3132520914077759,308.71484375,1.4236444234848022
d02,2016-06-26 06:00:00,289.7773742675781,1.0315322875976562,290.1436462402344,1.2630246877670288
d02,2016-06-26 16:00:00,302.9003601074219,0.29243871569633484,308.33740234375,1.428119421005249
d02,2016-06-27 06:00:00,289.3522033691406,1.6176947355270386,289.9573974609375,1.7278146743774414
d02,2016-06-27 16:00:00,305.2203063964844,0.6229009628295898,310.3302001953125,1.288799524307251
d02,2016-06-28 06:00:00,294.5111389160156,0.8427249789237976,294.9459533691406,0.9509255290031433
d02,2016-06-28 16:00:00,304.0818176269531,0.26795318722724915,309.1361083984375,1.074421763420105
d02,2016-06-29 06:00:00,293.0545959472656,0.8672688603401184,293.2090759277344,1.0973045825958252
d02,2016-06-29 16:00:00,304.4239196777344,0.3902193009853363,310.0950012207031,1.338407039642334
d02,2016-06-30 06:00:00,293.1568298339844,0.5471054315567017,293.4543151855469,0.9416846632957458
d02,2016-06-30 16:00:00,303.8808288574219,0.21907716989517212,309.5838928222656,1.2100706100463867
d02,2016-07-01 06:00:00,295.2628173828125,0.4494796097278595,296.0765380859375,0.5318281054496765
d02,2016-07-01 16:00:00,304.789794921875,0.6748388409614563,310.4264831542969,1.4862041473388672
d02,2016-07-02 06:00:00,293.873046875,0.6150290369987488,293.8381652832031,1.0500487089157104
d02,2016-07-02 16:00:00,300.5653991699219,0.412737101316452,306.3233337402344,1.4125680923461914
d02,2016-07-03 06:00:00,292.7535400390625,0.9717592597007751,293.4412536621094,1.1565555334091187
d02,2016-07-03 16:00:00,299.9130859375,0.39217451214790344,306.0139465332031,0.9379737377166748
d02,2016-07-04 06:00:00,291.9770202636719,0.9921765923500061,292.470458984375,1.1214381456375122
d02,2016-07-04 16:00:00,294.398681640625,0.20807598531246185,296.9595947265625,0.8168612122535706
d02,2016-07-05 06:00:00,296.2668151855469,0.37145406007766724,296.0942687988281,0.5446009635925293
d02,2016-07-05 16:00:00,308.485107421875,0.5657387971878052,312.2501220703125,1.9421919584274292
d02,2016-07-06 06:00:00,296.4121398925781,1.3220113515853882,296.8816833496094,1.4759644269943237
d02,2016-07-06 16:00:00,309.3401794433594,0.38411420583724976,314.7789611816406,1.564570426940918
d02,2016-07-07 06:00:00,298.0972900390625,1.4952542781829834,298.687744140625,1.602675437927246
d02,2016-07-07 16:00:00,308.8201599121094,0.36649253964424133,314.0010681152344,1.4612491130828857
d02,2016-07-08 06:00:00,298.6524658203125,0.9666078686714172,298.9208068847656,1.1535885334014893
d02,2016-07-08 16:00:00,309.337158203125,0.4693398177623749,314.8616638183594,1.4233351945877075
d02,2016-07-09 06:00:00,300.1738586425781,0.48893049359321594,300.2227478027344,0.8723324537277222
d02,2016-07-09 16:00:00,307.4570617675781,0.47370582818984985,312.1705017089844,1.6401822566986084
d02,2016-07-10 06:00:00,294.84832763671875,0.42779436707496643,294.64404296875,0.7737475633621216
d02,2016-07-10 16:00:00,304.4017639160156,0.46074262261390686,309.642822265625,1.4449894428253174
d02,2016-07-11 06:00:00,292.5970153808594,1.4330854415893555,292.9375,1.6797157526016235
d02,2016-07-11 16:00:00,304.80242919921875,0.2335144728422165,310.4967041015625,0.9246511459350586
d02,2016-07-12 06:00:00,294.5245666503906,1.0628938674926758,295.28057861328125,1.2562110424041748
d02,2016-07-12 16:00:00,306.3869934082031,0.22148114442825317,312.2557373046875,1.0616836547851562
d02,2016-07-13 06:00:00,297.2702941894531,0.6663239002227783,297.6981506347656,0.7788597345352173
d02,2016-07-13 16:00:00,306.2911682128906,0.40735292434692383,312.0794982910156,1.261220097541809
d02,2016-07-14 06:00:00,297.636962890625,1.493602991104126,298.1904602050781,1.6165896654129028
d02,2016-07-14 16:00:00,306.3157653808594,0.6514420509338379,311.4035949707031,1.1307094097137451
d02,2016-07-15 06:00:00,297.2612609863281,0.9963449835777283,297.6450500488281,1.2355331182479858
d02,2016-07-15 16:00:00,308.6111145019531,0.42251670360565186,313.8000793457031,1.4540959596633911
d02,2016-07-16 06:00:00,293.0355529785156,1.5859919786453247,293.6973571777344,1.7660976648330688
d02,2016-07-16 16:00:00,304.3258361816406,0.5709842443466187,307.3956298828125,1.926622986793518
d02,2016-07-17 06:00:00,292.8899841308594,1.2808042764663696,293.2870788574219,1.4656343460083008
d02,2016-07-17 16:00:00,308.4426574707031,0.35105451941490173,313.9193420410156,1.2255761623382568
d02,2016-07-18 06:00:00,295.0793762207031,1.636471152305603,295.4400939941406,1.8496710062026978
d02,2016-07-18 16:00:00,311.9982604980469,0.6983805894851685,316.5058898925781,1.7415951490402222
d02,2016-07-19 06:00:00,296.3414306640625,1.648019552230835,296.85223388671875,1.7527621984481812
d02,2016-07-19 16:00:00,306.8782958984375,0.38868406414985657,313.1155090332031,1.1164711713790894
d02,2016-07-20 06:00:00,295.0808410644531,0.9060239791870117,295.2356262207031,1.2013256549835205
d02,2016-07-20 16:00:00,303.430419921875,0.26910653710365295,309.9495544433594,0.964914083480835
d02,2016-07-21 06:00:00,290.001953125,1.704730749130249,290.572998046875,1.879626750946045
d02,2016-07-21 16:00:00,306.7113952636719,0.3158482611179352,312.4716491699219,1.051662802696228
d02,2016-07-22 06:00:00,295.1066589355469,0.8481480479240417,295.1143493652344,1.156275749206543
d02,2016-07-22 16:00:00,310.9389953613281,0.3053989112377167,316.0060729980469,0.9138126373291016
d02,2016-07-23 06:00:00,297.0541076660156,0.9677281975746155,297.2936706542969,1.1448462009429932
d02,2016-07-23 16:00:00,300.2380065917969,1.027427077293396,302.5077209472656,1.9998365640640259
d02,2016-07-24 06:00:00,295.7147521972656,0.8232206702232361,295.6375427246094,1.2424629926681519
d02,2016-07-24 16:00:00,307.58642578125,0.13709494471549988,313.66290283203125,0.9034956097602844
d02,2016-07-25 06:00:00,298.59173583984375,0.6923449039459229,299.0299377441406,0.8362218141555786
d02,2016-07-25 16:00:00,311.6872253417969,0.327044278383255,317.2328186035156,0.9939975738525391
d02,2016-07-26 06:00:00,299.8680114746094,1.5526725053787231,300.35284423828125,1.6480356454849243
d02,2016-07-26 16:00:00,311.301025390625,0.36949044466018677,316.828369140625,1.110484004020691
d02,2016-07-27 06:00:00,297.1305236816406,0.6596280932426453,297.2765197753906,1.064741611480713
d02,2016-07-27 16:00:00,308.7872619628906,0.30745700001716614,315.236328125,0.7760118246078491
d02,2016-07-28 06:00:00,297.0629577636719,1.2161204814910889,297.8106384277344,1.3904887437820435
d02,2016-07-28 16:00:00,306.8912048339844,0.2968614995479584,313.6398010253906,0.7567118406295776
d02,2016-07-29 06:00:00,296.7668762207031,0.9725363254547119,297.4399108886719,1.08695387840271
d02,2016-07-29 16:00:00,306.455322265625,0.19186653196811676,312.4787292480469,0.8215771317481995
d02,2016-07-30 06:00:00,296.6858825683594,0.8531792163848877,297.2434387207031,1.0267510414123535
d02,2016-07-30 16:00:00,305.2638854980469,0.6840087175369263,309.7861022949219,2.3952112197875977
d02,2016-07-31 06:00:00,296.2906799316406,0.44556236267089844,296.5642395019531,0.7304555177688599
d02,2016-07-31 16:00:00,305.52032470703125,0.21479931473731995,311.8834533691406,0.9005307555198669
d02,2016-08-01 06:00:00,296.4106140136719,1.0294129848480225,297.0029602050781,1.1453408002853394
d02,2016-08-01 16:00:00,305.5038146972656,0.1921960860490799,311.3831481933594,0.7228754758834839
d02,2016-08-02 06:00:00,296.9694519042969,0.8006100058555603,297.3839111328125,0.9386757612228394
d02,2016-08-02 16:00:00,304.3624572753906,0.2741466462612152,310.5008544921875,1.1181416511535645
d02,2016-08-03 06:00:00,292.9730529785156,0.4863215386867523,293.1450500488281,0.8317190408706665
d02,2016-08-03 16:00:00,303.3467102050781,0.34786251187324524,309.20751953125,1.0296436548233032
d02,2016-08-04 06:00:00,292.5438232421875,0.852118194103241,292.7691345214844,1.1406642198562622
d02,2016-08-04 16:00:00,304.2709045410156,0.20451657474040985,310.0072937011719,0.9969825744628906
d02,2016-08-05 06:00:00,292.2838134765625,1.3192081451416016,292.80902099609375,1.5195571184158325
d02,2016-08-05 16:00:00,305.0438232421875,0.1925642490386963,310.59423828125,0.8002597093582153
d02,2016-08-06 06:00:00,296.9150085449219,0.4427390694618225,297.0553283691406,0.672417402267456
d02,2016-08-06 16:00:00,309.503173828125,0.25388965010643005,314.2381286621094,0.9200606346130371
d02,2016-08-07 06:00:00,293.5051574707031,0.570816159248352,293.3866271972656,0.9058024883270264
d02,2016-08-07 16:00:00,307.14208984375,0.368014931678772,311.2744140625,1.2676750421524048
d02,2016-08-08 06:00:00,293.88671875,0.7383607625961304,293.8726806640625,1.174623727798462
d02,2016-08-08 16:00:00,304.6585388183594,0.22930453717708588,310.3731994628906,0.6684948801994324
d02,2016-08-09 06:00:00,293.1224365234375,1.1457659006118774,293.5127868652344,1.3520474433898926
d02,2016-08-09 16:00:00,298.8125915527344,0.3763965368270874,299.73272705078125,0.6344512701034546
d02,2016-08-10 06:00:00,295.4968566894531,0.825603723526001,295.72161865234375,0.8943359851837158
d02,2016-08-10 16:00:00,309.2333984375,0.3223523795604706,313.9469299316406,0.8562377095222473
d02,2016-08-11 06:00:00,297.6079406738281,0.8235448002815247,297.8731384277344,0.9916555285453796
d02,2016-08-11 16:00:00,310.0956115722656,0.16378153860569,315.00244140625,0.7216542363166809
d02,2016-08-12 06:00:00,298.9038391113281,0.42814940214157104,298.9577331542969,0.7216866612434387
d02,2016-08-12 16:00:00,310.9078369140625,0.1408144235610962,316.1921691894531,0.6935052275657654
d02,2016-08-13 06:00:00,298.3665771484375,1.2989985942840576,299.00469970703125,1.4046006202697754
d02,2016-08-13 16:00:00,311.4044494628906,0.18903693556785583,316.9070129394531,0.6611021161079407
d02,2016-08-14 06:00:00,300.5360412597656,0.9244816899299622,300.7682189941406,1.1731758117675781
d02,2016-08-14 16:00:00,310.233642578125,0.7467971444129944,315.54266357421875,1.0830224752426147
d02,2016-08-15 06:00:00,299.7064208984375,1.1702454090118408,299.8997802734375,1.410549283027649
d02,2016-08-15 16:00:00,308.8266906738281,1.1692893505096436,313.16046142578125,3.032078981399536
d02,2016-08-16 06:00:00,297.9101867675781,1.3649595975875854,298.5992431640625,1.4917937517166138
d02,2016-08-16 16:00:00,309.2768859863281,0.5648214221000671,313.509521484375,1.6567697525024414
d02,2016-08-17 06:00:00,299.8306579589844,0.48581787943840027,299.7331237792969,0.8305872082710266
d02,2016-08-17 16:00:00,308.9679870605469,0.28717225790023804,314.7021484375,0.5815902352333069
d02,2016-08-18 06:00:00,296.9556884765625,0.9120739698410034,297.8570861816406,1.0121124982833862
d02,2016-08-18 16:00:00,307.3155212402344,0.43613114953041077,313.656005859375,0.9606847167015076
d02,2016-08-19 06:00:00,294.9082336425781,1.6042280197143555,295.4361572265625,1.7274302244186401
d02,2016-08-19 16:00:00,307.0833435058594,0.2786163091659546,313.1387939453125,0.4753436744213104
d02,2016-08-20 06:00:00,295.3880920410156,1.23534095287323,295.6490173339844,1.510193943977356
d02,2016-08-20 16:00:00,306.5068664550781,0.1857033669948578,312.3232727050781,0.34759992361068726
d02,2016-08-21 06:00:00,296.8087158203125,1.4499825239181519,297.2138366699219,1.5221307277679443
d02,2016-08-21 16:00:00,304.0155029296875,0.5891737937927246,308.8597717285156,1.5985586643218994
d02,2016-08-22 06:00:00,294.423583984375,0.7533273100852966,294.1673278808594,1.2370926141738892
d02,2016-08-22 16:00:00,302.7488708496094,0.28430119156837463,307.957763671875,0.7673457264900208
d02,2016-08-23 06:00:00,289.0394592285156,0.8945995569229126,288.9998474121094,1.3128583431243896
d02,2016-08-23 16:00:00,301.5564270019531,0.1534104347229004,307.7583923339844,0.4582923948764801
d02,2016-08-24 06:00:00,290.3902282714844,1.2186827659606934,290.48974609375,1.4618510007858276
d02,2016-08-24 16:00:00,304.0537414550781,0.3836809992790222,309.6352233886719,0.6725863814353943
d02,2016-08-25 06:00:00,291.5114440917969,1.3816252946853638,291.8814697265625,1.4717707633972168
d02,2016-08-25 16:00:00,308.2294921875,0.15370982885360718,313.2583923339844,0.34612801671028137
d02,2016-08-26 06:00:00,297.54205322265625,1.0457454919815063,297.7474060058594,1.1592522859573364
d02,2016-08-26 16:00:00,311.2042236328125,0.5866769552230835,316.2112121582031,0.83262038230896
d02,2016-08-27 06:00:00,297.0719909667969,0.6856505274772644,297.0145568847656,1.0129271745681763
d02,2016-08-27 16:00:00,307.937255859375,0.09211471676826477,313.676513671875,0.3311114013195038
d02,2016-08-28 06:00:00,293.5333251953125,0.796042799949646,293.66680908203125,1.0489376783370972
d02,2016-08-28 16:00:00,305.6918029785156,0.1887253075838089,311.3838806152344,0.16749608516693115
d02,2016-08-29 06:00:00,294.5270080566406,1.0612150430679321,295.0417175292969,1.2420905828475952
d02,2016-08-29 16:00:00,302.8589782714844,0.699788510799408,306.1473388671875,1.6738052368164062
d02,2016-08-30 06:00:00,295.2251281738281,0.9492046236991882,295.0928649902344,1.3678958415985107
d02,2016-08-30 16:00:00,306.054931640625,0.15034683048725128,311.9362487792969,0.2641191780567169
d03,2016-05-25 06:00:00,287.0030822753906,0.591482400894165,285.7832336425781,0.49951764941215515
d03,2016-05-25 16:00:00,302.9676513671875,0.22831036150455475,308.2464599609375,0.9576765298843384
d03,2016-05-26 06:00:00,288.0599060058594,0.6848351359367371,288.5317687988281,0.7921503782272339
d03,2016-05-26 16:00:00,304.49462890625,0.35402950644493103,309.6787109375,1.0591557025909424
d03,2016-05-27 06:00:00,293.3015441894531,0.5913141369819641,293.6811828613281,0.705281674861908
d03,2016-05-27 16:00:00,297.6833190917969,0.2004997581243515,299.3775634765625,0.6960334181785583
d03,2016-05-28 06:00:00,293.3584899902344,0.600053608417511,293.7030334472656,0.6889051795005798
d03,2016-05-28 16:00:00,305.3938293457031,0.26623645424842834,310.8357849121094,1.0190144777297974
d03,2016-05-29 06:00:00,290.4661865234375,0.7667270302772522,291.1864013671875,0.8712706565856934
d03,2016-05-29 16:00:00,303.4197082519531,0.18855556845664978,309.3516845703125,0.9411693215370178
d03,2016-05-30 06:00:00,294.0799865722656,0.0673523023724556,295.070556640625,0.19318750500679016
d03,2016-05-30 16:00:00,299.8542175292969,0.28190141916275024,303.91571044921875,0.9797245860099792
d03,2016-05-31 06:00:00,292.2804870605469,0.4238225817680359,292.8243408203125,0.5248340368270874
d03,2016-05-31 16:00:00,304.0332336425781,0.13430501520633698,309.1727294921875,1.1243475675582886
d03,2016-06-01 06:00:00,293.8075256347656,0.09863805770874023,294.8583068847656,0.20789507031440735
d03,2016-06-01 16:00:00,302.1283264160156,0.2293107807636261,306.1314392089844,1.154624581336975
d03,2016-06-02 06:00:00,292.9903259277344,0.12763987481594086,293.8350830078125,0.2196863889694214
d03,2016-06-02 16:00:00,301.5738220214844,0.21777750551700592,307.6977233886719,0.7462139129638672
d03,2016-06-03 06:00:00,294.5301513671875,0.2136329859495163,295.2795715332031,0.30954065918922424
d03,2016-06-03 16:00:00,300.9386901855469,0.27409327030181885,305.9805603027344,0.8824735879898071
d03,2016-06-04 06:00:00,293.3437194824219,0.45323196053504944,293.81884765625,0.5641997456550598
d03,2016-06-04 16:00:00,303.9035949707031,0.22408689558506012,310.2308044433594,0.8581632971763611
d03,2016-06-05 06:00:00,295.6864318847656,0.08808805048465729,296.5581359863281,0.19852609932422638
d03,2016-06-05 16:00:00,301.6518859863281,0.3546469211578369,307.0283203125,0.6840652823448181
d03,2016-06-06 06:00:00,294.4766845703125,0.3252159059047699,294.5740661621094,0.5683330297470093
d03,2016-06-06 16:00:00,304.0932922363281,0.2608490288257599,309.48193359375,1.055006742477417
d03,2016-06-07 06:00:00,292.8346252441406,0.70847487449646,293.3871765136719,0.8451425433158875
d03,2016-06-07 16:00:00,303.1953430175781,0.21436196565628052,308.1689453125,1.0523273944854736
d03,2016-06-08 06:00:00,287.0293884277344,0.7278295159339905,287.5906066894531,0.8294157981872559
d03,2016-06-08 16:00:00,294.85357666015625,0.1780003309249878,300.0511474609375,0.7536666989326477
d03,2016-06-09 06:00:00,282.5851745605469,0.7446351647377014,283.0625,0.7847163081169128
d03,2016-06-09 16:00:00,298.4720458984375,0.16299359500408173,303.6679382324219,0.8791195750236511
d03,2016-06-10 06:00:00,285.8072814941406,0.8046557307243347,286.0511474609375,0.9408577680587769
d03,2016-06-10 16:00:00,299.467041015625,0.1749541014432907,305.1465148925781,0.8753632307052612
d03,2016-06-11 06:00:00,290.6822204589844,0.7552024722099304,291.1444396972656,0.8458831906318665
d03,2016-06-11 16:00:00,308.6654968261719,0.23070290684700012,312.9507141113281,0.9879058599472046
d03,2016-06-12 06:00:00,297.3652038574219,0.29184600710868835,297.37359619140625,0.5546104311943054
d03,2016-06-12 16:00:00,305.1585693359375,0.23490574955940247,309.9831237792969,0.9797666668891907
d03,2016-06-13 06:00:00,286.6819763183594,0.2571982443332672,286.9971618652344,0.4857325553894043
d03,2016-06-13 16:00:00,298.6379699707031,0.20208711922168732,305.0104675292969,0.7818271517753601
d03,2016-06-14 06:00:00,288.5588684082031,0.8069531917572021,289.0653381347656,0.889143168926239
d03,2016-06-14 16:00:00,298.8199157714844,0.2266031801700592,305.6755065917969,0.8003352880477905
d03,2016-06-15 06:00:00,288.71160888671875,0.6758741140365601,289.44775390625,0.7796542644500732
d03,2016-06-15 16:00:00,302.0379943847656,0.2157861739397049,308.176025390625,0.8367995023727417
d03,2016-06-16 06:00:00,294.4321594238281,0.3232730031013489,295.1609191894531,0.43072614073753357
d03,2016-06-16 16:00:00,301.3583068847656,0.1207117810845375,305.6362609863281,0.6552121043205261
d03,2016-06-17 06:00:00,290.7552490234375,0.12267845869064331,291.5297546386719,0.2637922763824463
d03,2016-06-17 16:00:00,299.6519470214844,0.1123453676700592,305.6510009765625,0.7233759164810181
d03,2016-06-18 06:00:00,288.4223327636719,0.494732141494751,288.8849792480469,0.6186769604682922
d03,2016-06-18 16:00:00,300.8180847167969,0.18887275457382202,307.2423095703125,0.9616910815238953
d03,2016-06-19 06:00:00,288.8920593261719,0.8610937595367432,289.5168151855469,0.9754177927970886
d03,2016-06-19 16:00:00,303.6103820800781,0.1743546426296234,309.9384765625,0.948581337928772
d03,2016-06-20 06:00:00,291.2066345214844,0.9491294622421265,291.7121887207031,1.0540893077850342
d03,2016-06-20 16:00:00,306.3898620605469,0.20510250329971313,311.992919921875,1.030225157737732
d03,2016-06-21 06:00:00,296.6640319824219,0.6094460487365723,296.9556884765625,0.7124152779579163
d03,2016-06-21 16:00:00,306.7007751464844,0.16254107654094696,311.9269104003906,0.7845362424850464
d03,2016-06-22 06:00:00,292.3377380371094,0.8907433748245239,292.9632873535156,0.9819940328598022
d03,2016-06-22 16:00:00,304.2178039550781,0.24336868524551392,309.5028991699219,1.0461034774780273
d03,2016-06-23 06:00:00,293.9101867675781,0.753940999507904,294.5558166503906,0.8419552445411682
d03,2016-06-23 16:00:00,297.4610595703125,0.21917803585529327,300.852294921875,0.6517857909202576
d03,2016-06-24 06:00:00,295.0138854980469,0.29221832752227783,295.4837341308594,0.4021511673927307
d03,2016-06-24 16:00:00,302.9007568359375,0.5084466934204102,306.2772521972656,1.8599344491958618
d03,2016-06-25 06:00:00,292.3067626953125,0.14042994379997253,293.188720703125,0.24810157716274261
d03,2016-06-25 16:00:00,303.1175537109375,0.13277246057987213,309.2896728515625,0.8657204508781433
d03,2016-06-26 06:00:00,290.3423156738281,0.6244906187057495,290.9279479980469,0.7387117743492126
d03,2016-06-26 16:00:00,302.9991760253906,0.16011862456798553,309.2696228027344,0.9372678399085999
d03,2016-06-27 06:00:00,290.480712890625,0.8841994404792786,291.1800537109375,0.973225474357605
d03,2016-06-27 16:00:00,304.6344909667969,0.1301313042640686,310.444091796875,0.7184389233589172
d03,2016-06-28 06:00:00,294.9021911621094,0.4938710629940033,295.5220947265625,0.5911169648170471
d03,2016-06-28 16:00:00,304.3726501464844,0.22917820513248444,310.259765625,0.7115544676780701
d03,2016-06-29 06:00:00,292.9117126464844,0.8279166221618652,293.54107666015625,0.9113692045211792
d03,2016-06-29 16:00:00,303.7862548828125,0.14225205779075623,310.0586242675781,0.7891227602958679
d03,2016-06-30 06:00:00,292.5599670410156,0.5456039309501648,292.937255859375,0.7528261542320251
d03,2016-06-30 16:00:00,303.9395446777344,0.33784058690071106,310.2968444824219,0.7538204789161682
d03,2016-07-01 06:00:00,294.7626647949219,0.2539471983909607,295.6886901855469,0.35021230578422546
d03,2016-07-01 16:00:00,301.8492126464844,0.26961347460746765,308.6653137207031,0.5549759268760681
d03,2016-07-02 06:00:00,293.2853698730469,0.41822704672813416,293.43017578125,0.7053914666175842
d03,2016-07-02 16:00:00,300.7564392089844,0.15089817345142365,307.1454772949219,0.7468428611755371
d03,2016-07-03 06:00:00,292.7334899902344,0.407611608505249,293.4630126953125,0.5294331312179565
d03,2016-07-03 16:00:00,299.73529052734375,0.11111658811569214,306.4811096191406,0.5364094376564026
d03,2016-07-04 06:00:00,291.2589111328125,0.6903945207595825,291.863525390625,0.8112121224403381
d03,2016-07-04 16:00:00,294.4853820800781,0.11756826192140579,297.7695617675781,0.47045251727104187
d03,2016-07-05 06:00:00,296.1612854003906,0.17982815206050873,296.114013671875,0.32282713055610657
d03,2016-07-05 16:00:00,308.2658996582031,0.17773722112178802,313.6468505859375,0.7902690768241882
d03,2016-07-06 06:00:00,297.3512878417969,0.7329135537147522,297.87152099609375,0.8195074796676636
d03,2016-07-06 16:00:00,310.0589294433594,0.2169201672077179,316.4032287597656,0.8179483413696289
d03,2016-07-07 06:00:00,299.0857238769531,0.7445221543312073,299.8148193359375,0.8468717336654663
d03,2016-07-07 16:00:00,309.0299072265625,0.12828829884529114,315.0353698730469,0.7218797206878662
d03,2016-07-08 06:00:00,298.4112854003906,0.7059292197227478,299.0646667480469,0.7943965792655945
d03,2016-07-08 16:00:00,304.1378173828125,0.24622109532356262,310.8636474609375,0.5372478365898132
d03,2016-07-09 06:00:00,299.0406494140625,0.5581987500190735,299.4873962402344,0.6785361766815186
d03,2016-07-09 16:00:00,307.8512268066406,0.19682584702968597,313.3144836425781,0.8436578512191772
d03,2016-07-10 06:00:00,295.0326843261719,0.14809365570545197,295.0499267578125,0.3372604548931122
d03,2016-07-10 16:00:00,304.0293273925781,0.24743598699569702,308.8922424316406,1.4370529651641846
d03,2016-07-11 06:00:00,293.27276611328125,0.8870495557785034,293.7983703613281,0.9952214360237122
d03,2016-07-11 16:00:00,303.452392578125,0.32157838344573975,309.563232421875,1.22098708152771
d03,2016-07-12 06:00:00,293.59112548828125,0.657072126865387,294.2735290527344,0.7627502679824829
d03,2016-07-12 16:00:00,300.1202392578125,0.3980232775211334,305.8233337402344,1.400130033493042
d03,2016-07-13 06:00:00,297.17529296875,0.4322148561477661,297.6735534667969,0.5135831236839294
d03,2016-07-13 16:00:00,302.7647705078125,0.3541768789291382,307.5605773925781,1.6629290580749512
d03,2016-07-14 06:00:00,297.0958557128906,0.693200945854187,297.6525573730469,0.7953454256057739
d03,2016-07-14 16:00:00,302.5266418457031,0.6581002473831177,305.2896423339844,1.2062805891036987
d03,2016-07-15 06:00:00,297.9060974121094,0.6603659391403198,298.3836975097656,0.7484800219535828
d03,2016-07-15 16:00:00,308.6578674316406,0.1460682898759842,314.3384704589844,0.7198659181594849
d03,2016-07-16 06:00:00,294.5753173828125,0.9711076021194458,295.3138122558594,1.0549334287643433
d03,2016-07-16 16:00:00,302.2379150390625,0.16903822124004364,304.5655822753906,0.7107483148574829
d03,2016-07-17 06:00:00,293.4281005859375,0.7801112532615662,294.0469055175781,0.8705012798309326
d03,2016-07-17 16:00:00,306.3336181640625,0.21854357421398163,311.7336730957031,1.1831058263778687
d03,2016-07-18 06:00:00,295.9888610839844,0.8556084632873535,296.4419860839844,0.9728663563728333
d03,2016-07-18 16:00:00,311.528076171875,0.18152722716331482,316.6336975097656,0.6872779130935669
d03,2016-07-19 06:00:00,297.1839294433594,0.6923831105232239,297.8231506347656,0.8113583922386169
d03,2016-07-19 16:00:00,305.1846618652344,1.306730031967163,310.7984619140625,2.2904748916625977
d03,2016-07-20 06:00:00,294.2514953613281,0.48504289984703064,294.7197570800781,0.7359445095062256
d03,2016-07-20 16:00:00,303.0034484863281,0.160561665892601,309.5191345214844,0.6942692399024963
d03,2016-07-21 06:00:00,291.2989196777344,0.9040144085884094,291.9541320800781,1.059057354927063
d03,2016-07-21 16:00:00,306.7184753417969,0.1234150156378746,313.263427734375,0.50555020570755
d03,2016-07-22 06:00:00,295.643798828125,0.18928828835487366,295.8456115722656,0.4526446759700775
d03,2016-07-22 16:00:00,311.2638854980469,0.12541277706623077,316.841796875,0.5607966780662537
d03,2016-07-23 06:00:00,298.9923095703125,0.6720892786979675,299.4953308105469,0.7730817794799805
d03,2016-07-23 16:00:00,307.7260437011719,0.24187986552715302,312.877197265625,0.9273502826690674
d03,2016-07-24 06:00:00,296.6788635253906,1.0072808265686035,297.0359191894531,1.1444742679595947
d03,2016-07-24 16:00:00,307.9532165527344,0.08941259980201721,314.8348693847656,0.4647708535194397
d03,2016-07-25 06:00:00,298.5526428222656,0.21526776254177094,299.2033386230469,0.34507086873054504
d03,2016-07-25 16:00:00,312.5293884277344,0.4678066670894623,318.2958679199219,0.4738295078277588
d03,2016-07-26 06:00:00,300.3740539550781,0.7236365079879761,300.9180603027344,0.8210473656654358
d03,2016-07-26 16:00:00,311.2168273925781,0.2511163055896759,317.1463928222656,0.5495209693908691
d03,2016-07-27 06:00:00,296.7580261230469,0.6453237533569336,297.314208984375,0.8337727189064026
d03,2016-07-27 16:00:00,308.1409912109375,0.2546430826187134,313.17529296875,1.2159260511398315
d03,2016-07-28 06:00:00,297.6625061035156,0.6946082711219788,298.4918212890625,0.8046788573265076
d03,2016-07-28 16:00:00,301.884033203125,0.30355796217918396,305.296630859375,1.9641536474227905
d03,2016-07-29 06:00:00,297.3324279785156,0.6256889700889587,298.0272521972656,0.6991084814071655
d03,2016-07-29 16:00:00,305.93023681640625,0.10068000853061676,312.0785217285156,0.5103917717933655
d03,2016-07-30 06:00:00,296.4537048339844,0.5525293946266174,297.0081481933594,0.6540647745132446
d03,2016-07-30 16:00:00,303.1371154785156,0.4225083887577057,306.8231506347656,1.427377700805664
d03,2016-07-31 06:00:00,296.34228515625,0.11324457079172134,296.916015625,0.26026415824890137
d03,2016-07-31 16:00:00,303.272705078125,0.2899788022041321,309.076416015625,1.0513609647750854
d03,2016-08-01 06:00:00,297.3286437988281,0.330820769071579,297.9114074707031,0.4881899952888489
d03,2016-08-01 16:00:00,300.0241394042969,0.28933534026145935,305.6168518066406,0.6017603874206543
d03,2016-08-02 06:00:00,296.5091552734375,0.5584863424301147,296.927734375,0.6904665231704712
d03,2016-08-02 16:00:00,304.9082946777344,0.35735273361206055,310.0745849609375,1.657947301864624
d03,2016-08-03 06:00:00,292.9627990722656,0.1924087405204773,293.2945556640625,0.37087032198905945
d03,2016-08-03 16:00:00,303.1874084472656,0.14832834899425507,309.6329040527344,0.47180548310279846
d03,2016-08-04 06:00:00,293.0882263183594,0.5540931224822998,293.48748779296875,0.69505375623703
d03,2016-08-04 16:00:00,303.9237976074219,0.14152595400810242,310.3314208984375,0.561661422252655
d03,2016-08-05 06:00:00,292.8441162109375,0.7367784380912781,293.5287780761719,0.8421090841293335
d03,2016-08-05 16:00:00,304.6286315917969,0.1527615189552307,310.6650085449219,0.392776221036911
d03,2016-08-06 06:00:00,296.9891662597656,0.1985207498073578,297.2679138183594,0.3489590883255005
d03,2016-08-06 16:00:00,309.6900634765625,0.3591405153274536,315.0162353515625,0.5096900463104248
d03,2016-08-07 06:00:00,293.1339111328125,0.5003457069396973,293.4316711425781,0.713570773601532
d03,2016-08-07 16:00:00,306.482421875,0.24525290727615356,311.4262390136719,1.218239665031433
d03,2016-08-08 06:00:00,294.0973815917969,0.3553065359592438,294.4418640136719,0.6265149712562561
d03,2016-08-08 16:00:00,305.5867004394531,0.12128359079360962,311.8764953613281,0.3879254460334778
d03,2016-08-09 06:00:00,294.1153259277344,0.550491988658905,294.6605224609375,0.6675199270248413
d03,2016-08-09 16:00:00,300.4081726074219,0.1902141273021698,302.60772705078125,0.5116190314292908
d03,2016-08-10 06:00:00,296.5393981933594,0.47776535153388977,296.9991149902344,0.553659200668335
d03,2016-08-10 16:00:00,308.5332336425781,0.17905005812644958,312.8645324707031,0.6750444173812866
d03,2016-08-11 06:00:00,297.6014099121094,0.5245437026023865,298.01171875,0.6093025803565979
d03,2016-08-11 16:00:00,310.3670959472656,0.2023206651210785,315.20263671875,0.8329629898071289
d03,2016-08-12 06:00:00,299.0123291015625,0.22775280475616455,299.312255859375,0.44082728028297424
d03,2016-08-12 16:00:00,310.5999450683594,0.10004090517759323,316.0024108886719,0.3540821075439453
d03,2016-08-13 06:00:00,299.1127624511719,0.65693199634552,299.8189392089844,0.7330662608146667
d03,2016-08-13 16:00:00,308.1878356933594,0.6383878588676453,313.24951171875,1.3773488998413086
d03,2016-08-14 06:00:00,300.84228515625,0.5228095054626465,301.20654296875,0.6632721424102783
d03,2016-08-14 16:00:00,306.9612731933594,0.5734668374061584,311.0859069824219,1.0468567609786987
d03,2016-08-15 06:00:00,299.3412170410156,0.8279243111610413,299.9369201660156,0.9300016164779663
d03,2016-08-15 16:00:00,306.0795593261719,0.43291956186294556,312.5075988769531,0.53242427110672
d03,2016-08-16 06:00:00,298.6612854003906,0.6280843019485474,299.3664245605469,0.7343883514404297
d03,2016-08-16 16:00:00,305.3503723144531,0.4769744873046875,307.8558654785156,1.0957210063934326
d03,2016-08-17 06:00:00,298.7196960449219,0.5865088701248169,298.8106994628906,0.7109648585319519
d03,2016-08-17 16:00:00,308.7085266113281,0.16150647401809692,314.4602966308594,0.5739696621894836
d03,2016-08-18 06:00:00,297.4210510253906,0.587207555770874,298.21319580078125,0.6375496983528137
d03,2016-08-18 16:00:00,302.7547912597656,0.45546671748161316,308.0281066894531,1.1016380786895752
d03,2016-08-19 06:00:00,295.49774169921875,0.6471154689788818,296.1695861816406,0.722711980342865
d03,2016-08-19 16:00:00,307.1054992675781,0.24833329021930695,313.0273742675781,0.6261289119720459
d03,2016-08-20 06:00:00,296.38623046875,0.7746556401252747,296.6669006347656,0.9103673100471497
d03,2016-08-20 16:00:00,305.30450439453125,0.07269104570150375,311.3233947753906,0.43755075335502625
d03,2016-08-21 06:00:00,297.29669189453125,0.605843186378479,297.8585510253906,0.719149649143219
d03,2016-08-21 16:00:00,300.1443176269531,0.18521298468112946,304.9046325683594,0.5912930369377136
d03,2016-08-22 06:00:00,294.5206604003906,0.2685564160346985,294.2233581542969,0.5543041229248047
d03,2016-08-22 16:00:00,302.5757141113281,0.16812139749526978,307.7613220214844,0.7321722507476807
d03,2016-08-23 06:00:00,289.2320251464844,0.5595085024833679,289.4958190917969,0.7693848013877869
d03,2016-08-23 16:00:00,301.3010559082031,0.08071108162403107,307.4912109375,0.5893533229827881
d03,2016-08-24 06:00:00,291.122314453125,0.751528799533844,291.4704895019531,0.8702720999717712
d03,2016-08-24 16:00:00,303.5581970214844,0.10960248112678528,308.8397216796875,0.6359116435050964
d03,2016-08-25 06:00:00,292.6326904296875,0.7282289862632751,293.0483093261719,0.8180937170982361
d03,2016-08-25 16:00:00,308.3087158203125,0.14736564457416534,313.2646789550781,0.5658993721008301
d03,2016-08-26 06:00:00,298.09625244140625,0.421932190656662,298.5120544433594,0.47930869460105896
d03,2016-08-26 16:00:00,310.3357849121094,0.199222132563591,315.5125427246094,0.6048458218574524
d03,2016-08-27 06:00:00,297.0719299316406,0.6007054448127747,297.3961181640625,0.7848156094551086
d03,2016-08-27 16:00:00,307.8940734863281,0.07993680983781815,313.36865234375,0.5740403532981873
d03,2016-08-28 06:00:00,294.1072692871094,0.477760374546051,294.4330139160156,0.6450014710426331
d03,2016-08-28 16:00:00,305.2532043457031,0.1439221352338791,311.0111389160156,0.5012502670288086
d03,2016-08-29 06:00:00,295.2846984863281,0.5076411962509155,295.95574951171875,0.6120955944061279
d03,2016-08-29 16:00:00,305.5063171386719,0.0874786302447319,311.6867370605469,0.3644312918186188
d03,2016-08-30 06:00:00,295.6392517089844,0.47109219431877136,295.91162109375,0.6791142821311951
d03,2016-08-30 16:00:00,305.8874816894531,0.07959088683128357,311.7848815917969,0.45453646779060364
